Mapped Application Service 1,Support group,Environment type,Install Status,VOPs flag,BEAT ID,Change group,Approval group,CI Owner group,Operational status,Class,Criticality,GXP Relevant,ICS/GISC Relevant,Location,Number,Owned by,Service variant id,Service Offering,Service Class,Availability group,Sys ID,Type,Server 1,Support group,Install Status,VOPs flag,Most recent discovery,Discovery source,Approval group,Change Group,CI Owner group,Environment type,Operational status,Operating System,OS Version,Model ID,Availability group,Class,Cloud Instance ID,Cloud Instance Account,CPU count,CPU type,Criticality,Disk space (GB),GXP Relevant,ICS/GISC Relevant,Location,Name,Number,OS Service Pack,RAM (MB),Serial number,Service Class,Service variant id,Tanium Custom Tags,Zone type,Service Offering,IP Address,Description,Fully qualified domain name,Hosting zone,Is Virtual,Sys ID,Proposed patch window,Type,Virtual Machine Instance 1,Support group,Environment type,Install Status,State,Most recent discovery,Discovery source,Approval group,Change Group,CI Owner group,Operational status,Criticality,Disks size (GB),Disks,GXP Relevant,ICS/GISC Relevant,CPUs,MAC Address,Memory (MB),Model ID,Serial number,Zone type,VM Instance ID,vCenter Reference,Subscription,VOPs flag,Sys ID
VOPs Testing Workloads - type 2-1_Test,IT_AO_VOPS_Testing_Squad_B,Test,Installed,Not VOPs enabled,BEAT04080422,IT_AO_VOPS_Testing_Squad_B,IT_AO_VOPS_Testing_Squad_B,IT_AO_VOPS_Testing_Squad_B,Non-Operational,Mapped Application Service,Supportive,Not relevant,Not relevant,DE,BYRSI56290527,Eike Friedrichs,Application Operations Bronze CapGemini,Application Operations Bronze CapGemini,Bronze,VOPS,cab1e15f2bb03a14c2c7fae3ce91bfcb,Depends on::Used by,byqa070wr4e,IT_INFRA_CLS_UNIFIED-L1_OPS,Installed,Not VOPs enabled,08/03/2026 05:35,SG-Azure,IT_AO_ITSM_SA20-ChangeManagement-TLSME_Approver,IT_INFRA_CLS_UNIFIED-L1_OPS,IT_INFRA_CLS_UNIFIED-L1_OPS,Test,Operational,Red Hat Enterprise Linux Release 9.6 (plow),9.6,Microsoft Azure Virtual Machine,Classical Compute (Compute & Storage),Linux Server,6827e84e-fefc-4543-9ed2-7975e7e2e7b2,a76c4b70-fd35-4481-962a-e10b1e72da25,1,AuthenticAMD,Important,64,,,DE,byqa070wr4e,BYRSI70850147,,"3,655",0000-0007-5052-2273-0019-2597-15,,Managed virtual OS SA2 DR1,"CAP_CT_Linux_PublicCloud_Dev, VOPS_DEV",Enterprise,Managed virtual OS SA2 DR1,10.56.32.45,,byqa070wr4e.bayer.cnb,Public Cloud,TRUE,f49e40a249a6f690f3aa938e8b80bd55,,Virtualized by::Virtualizes,BYQA070WR4E,IT_INFRA_CLS_UNIFIED-L1_OPS,Test,Installed,On,08/03/2026 07:34,SG-Azure,IT_INFRA_CLS_UNIFIED-L1_OPS,IT_INFRA_CLS_UNIFIED-L1_OPS,IT_INFRA_CLS_UNIFIED-L1_OPS,Operational,Important,0,,,,2,,"4,096",,,Enterprise,6827e84e-fefc-4543-9ed2-7975e7e2e7b2,,/subscriptions/a76c4b70-fd35-4481-962a-e10b1e72da25/resourceGroups/rg-bapu-qa-az-a76c4b70fd35-workload/providers/Microsoft.Compute/virtualMachines/BYQA070WR4E,Not VOPs enabled,7c9e40a2cda6f690673bce5531c20c53
VOPs Testing Workloads_Dev,IT_AO_VOPS_Testing_Squad_A,Development,Installed,Not VOPs enabled,BEAT04079742,IT_AO_VOPS_Testing_Squad_A,IT_AO_VOPS_Testing_Squad_A,IT_AO_VOPS_Testing_Squad_A,Non-Operational,Mapped Application Service,Supportive,Not relevant,Not relevant,DE,BYRSI55345608,Eike Friedrichs,Application Operations Bronze CapGemini,Application Operations Bronze CapGemini,Bronze,VOPS,42b9153f2bc836d4f3d0f71ec891bf68,Depends on::Used by,byqa070eikr,IT_INFRA_CLS_UNIFIED-L1_OPS,Installed,Not VOPs enabled,08/03/2026 05:35,SG-Azure,IT_AO_ITSM_SA20-ChangeManagement-TLSME_Approver,IT_INFRA_CLS_UNIFIED-L1_OPS,IT_INFRA_CLS_UNIFIED-L1_OPS,Development,Operational,Oracle Linux Server Release 8.10,8.1,Microsoft Azure Virtual Machine,Classical Compute (Compute & Storage),Linux Server,89296224-be1b-4d47-94d4-9fb77c152d23,a76c4b70-fd35-4481-962a-e10b1e72da25,1,AuthenticAMD,Important,49,,,DE,byqa070eikr,BYRSI71438466,,"3,623",0000-0009-8835-3876-7189-0691-27,,Managed virtual OS SA2 DR1,"CAP_CG_CCP, CAP_CT_Linux_PublicCloud_Dev, VOPS_DEV_MANAGED_CI, VOPS_DEV_MANAGED_CI_LIN",Enterprise,Managed virtual OS SA2 DR1,10.56.32.61,,byqa070eikr.bayer.cnb,Public Cloud,TRUE,c0e81419b6c7fed06353a99e19f919ef,,Virtualized by::Virtualizes,BYQA070EIKR,IT_INFRA_CLS_UNIFIED-L1_OPS,Development,Installed,On,08/03/2026 07:34,SG-Azure,IT_INFRA_CLS_UNIFIED-L1_OPS,IT_INFRA_CLS_UNIFIED-L1_OPS,IT_INFRA_CLS_UNIFIED-L1_OPS,Operational,Important,0,,Not relevant,Not relevant,2,,"4,096",,,Enterprise,89296224-be1b-4d47-94d4-9fb77c152d23,,/subscriptions/a76c4b70-fd35-4481-962a-e10b1e72da25/resourceGroups/rg-bapu-qa-az-a76c4b70fd35-workload/providers/Microsoft.Compute/virtualMachines/BYQA070EIKR,Not VOPs enabled,08e8141906c7fed0edcc908a5b70d2ed
VOPs Testing Workloads_Dev,IT_AO_VOPS_Testing_Squad_A,Development,Installed,Not VOPs enabled,BEAT04079742,IT_AO_VOPS_Testing_Squad_A,IT_AO_VOPS_Testing_Squad_A,IT_AO_VOPS_Testing_Squad_A,Non-Operational,Mapped Application Service,Supportive,Not relevant,Not relevant,DE,BYRSI55345608,Eike Friedrichs,Application Operations Bronze CapGemini,Application Operations Bronze CapGemini,Bronze,VOPS,42b9153f2bc836d4f3d0f71ec891bf68,Depends on::Used by,byde959da36,IT_INFRA_CLS_UNIFIED-L1_OPS,Installed,Vertical,06/03/2026 07:45,SG-TaniumSN,IT_AO_ITSM_SA20-ChangeManagement-TLSME_Approver,IT_INFRA_CLS_UNIFIED-L1_OPS,IT_INFRA_CLS_UNIFIED-L1_OPS,Development,Operational,Red Hat Enterprise Linux Release 9.6 (plow),9.6,VMware VMware Virtual Platform,Classical Compute (Compute & Storage),Linux Server,Endpoint does not appear to host a local metadata service,Endpoint does not appear to host a local metadata service,2,GenuineIntel,Important,,Not relevant,Not relevant,DE/AVS,byde959da36,BYRSI66351979,,"3,623",VMware-42 08 41 c6 cc 06 c6 0b-34 f5 87 96 ee a2 28 70,,Managed virtual OS SA2 DR1,"CAP_CT_Linux_PrivateCloud_Prod, bay_sca, VOPS_RHEL_Patch_Test, VOPS_DEV_MANAGED_CI, VOPS_DEV_LIN_02, VOPS_DEV_LIN_ImageOS_RHEL_9.6_standard, VOPS_DEV_LIN_ImageOS_RHEL_9:, VOPS_DEV_LINUX, VOPS_DEV_LIN_RepoScan_Ring0, VOPS_DEV_LIN_Month-02",Enterprise,Managed virtual OS SA2 DR1,10.30.1.80,"ApplicationID: BEAT04079742, RequestID: ",BYDE959DA36.bayer.cnb,Private Cloud AVS,TRUE,ac8723472e65b290bcd24a49480e1ded,Patch-WK10_Prod_Batch-22_Sat,Instantiates::Instantiated by,BYDE959DA36,IT_INFRA_CLS_UNIFIED-L1_OPS,Development,Installed,On,07/03/2026 20:01,ServiceNow,IT_INFRA_CLS_UNIFIED-L1_OPS,IT_INFRA_CLS_UNIFIED-L1_OPS,IT_INFRA_CLS_UNIFIED-L1_OPS,Operational,Important,264,2,,,2,,"4,096",,,Enterprise,,vCenter@10.33.0.2,,Not VOPs enabled,41ba4e933bad36104aac039aa4e45abf
VOPs Testing Workloads_Test,IT_AO_VOPS_Testing_Squad_A,Test,Installed,Not VOPs enabled,BEAT04079742,IT_AO_VOPS_Testing_Squad_A,IT_AO_VOPS_Testing_Squad_A,IT_AO_VOPS_Testing_Squad_A,Non-Operational,Mapped Application Service,Supportive,Not relevant,Not relevant,DE,BYRSI55345609,Eike Friedrichs,Application Operations Bronze CapGemini,Application Operations Bronze CapGemini,Bronze,VOPS,62b9553f2bc836d4f3d0f71ec891bf3c,Depends on::Used by,byde941i57r,IT_INFRA_CLS_UNIFIED-L1_OPS,Installed,Not VOPs enabled,06/03/2026 07:49,SG-TaniumSN,IT_AO_ITSM_SA20-ChangeManagement-TLSME_Approver,IT_INFRA_CLS_UNIFIED-L1_OPS,IT_INFRA_CLS_UNIFIED-L1_OPS,Test,Operational,Red Hat Enterprise Linux Release 9.6 (plow),9.6,VMware VMware Virtual Platform,Classical Compute (Compute & Storage),Linux Server,Endpoint does not appear to host a local metadata service,Endpoint does not appear to host a local metadata service,2,GenuineIntel,Important,,,,DE/AVS,byde941i57r,BYRSI70847822,,"3,623",VMware-42 2c a4 30 c3 46 70 f2-35 4b 9f aa 54 91 85 fe,,Managed virtual OS SA2 DR1,"CAP_CG_CCP, CAP_CT_Linux_PrivateCloud_Dev, VOPS_DEV_MANAGED_CI, VOPS_DEV",Enterprise,Managed virtual OS SA2 DR1,10.33.100.243,"ApplicationID: BEAT04079742, RequestID: ",BYDE941I57R.bayer.cnb,Private Cloud AVS,TRUE,9a91b952b86a3a10327d9ddb127050e4,Patch-WK1_NonProd_Batch-1_Mon,Instantiates::Instantiated by,BYDE941I57R,IT_INFRA_CLS_UNIFIED-L1_OPS,Test,Installed,On,07/03/2026 20:01,ServiceNow,IT_INFRA_CLS_UNIFIED-L1_OPS,IT_INFRA_CLS_UNIFIED-L1_OPS,IT_INFRA_CLS_UNIFIED-L1_OPS,Operational,Important,114,2,,,2,,"4,096",,,Enterprise,,vCenter@10.33.16.2,,Not VOPs enabled,03e3874a3b62be5052206a54c3e45a01
VOPs Testing Workloads_Prod,IT_AO_VOPS_Testing_Squad_A,Production,Installed,Not VOPs enabled,BEAT04079742,IT_AO_VOPS_Testing_Squad_A,IT_AO_VOPS_Testing_Squad_A,IT_AO_VOPS_Testing_Squad_A,Non-Operational,Mapped Application Service,Important,Not relevant,Not relevant,DE,BYRSI55345607,Eike Friedrichs,Application Operations Bronze CapGemini,Application Operations Bronze CapGemini,Bronze,VOPS,d1b9d13f2bc836d4f3d0f71ec891bf73,Depends on::Used by,xbyqa070qkim,IT_INFRA_CLS_UNIFIED-L1_OPS,Installed,Not VOPs enabled,08/03/2026 05:35,SG-Azure,IT_INFRA_CLS_UNIFIED-L1_OPS,IT_INFRA_CLS_UNIFIED-L1_OPS,IT_INFRA_CLS_UNIFIED-L1_OPS,Production,Operational,Ubuntu 22.04.5 Lts,22.04,Microsoft Azure Virtual Machine,Classical Compute (Compute & Storage),Linux Server,d34bf8eb-9f0b-4c79-aedd-94d534ed4bf9,a76c4b70-fd35-4481-962a-e10b1e72da25,1,AuthenticAMD,Important,54,,,DE,xbyqa070qkim,BYRSI70819334,,"3,914",0000-0015-2255-3665-6125-4145-21,,Managed virtual OS SA2 DR1,"CAP_CT_Linux_PublicCloud_Dev, VOPS_DEV",Enterprise,Managed virtual OS SA2 DR1,10.56.32.41,VDD test workload,xbyqa070qkim.bayer.cnb,Public Cloud,TRUE,a265c302fe2abed0633dba3a2767fa67,,Virtualized by::Virtualizes,XBYQA070QKIM,IT_INFRA_CLS_UNIFIED-L1_OPS,Production,Installed,On,08/03/2026 07:34,SG-Azure,IT_INFRA_CLS_UNIFIED-L1_OPS,IT_INFRA_CLS_UNIFIED-L1_OPS,IT_INFRA_CLS_UNIFIED-L1_OPS,Operational,Important,0,,,,2,,"4,096",,,Enterprise,d34bf8eb-9f0b-4c79-aedd-94d534ed4bf9,,/subscriptions/a76c4b70-fd35-4481-962a-e10b1e72da25/resourceGroups/rg-bapu-qa-az-a76c4b70fd35-workload/providers/Microsoft.Compute/virtualMachines/XBYQA070QKIM,Not VOPs enabled,e665c302822abed0b2be6d9501a8a165
VOPs Testing Workloads - type 2-2_Test,IT_AO_VOPS_Testing_Squad_B,Test,Installed,Not VOPs enabled,BEAT04080128,IT_AO_VOPS_Testing_Squad_B,IT_AO_VOPS_Testing_Squad_B,IT_AO_VOPS_Testing_Squad_B,Non-Operational,Mapped Application Service,Supportive,Not relevant,Not relevant,DE,BYRSI55883128,Eike Friedrichs,Application Operations Bronze CapGemini,Application Operations Bronze CapGemini,Bronze,VOPS,460ab6feeba0ba1cedbff60cadc0cd19,Depends on::Used by,byqa0705m2t,IT_INFRA_CLS_UNIFIED-L1_OPS,Installed,Not VOPs enabled,08/03/2026 05:35,SG-Azure,IT_INFRA_CLS_UNIFIED-L1_OPS,IT_INFRA_CLS_UNIFIED-L1_OPS,IT_INFRA_CLS_UNIFIED-L1_OPS,Test,Operational,Red Hat Enterprise Linux Server release 7.9 (Maipo),7.9,Microsoft Azure Virtual Machine,Classical Compute (Compute & Storage),Linux Server,,,1,AuthenticAMD,Important,64,,,DE,byqa0705m2t,BYRSI70850163,,"3,785",0000-0013-0721-2833-4423-3440-57,,Managed virtual OS SA2 DR1,CAP_CG_CCP,Enterprise,Managed virtual OS SA2 DR1,10.56.32.54,VDD test workload,byqa0705m2t.bayer.cnb,Public Cloud,TRUE,ba9e48a2dca6f69000e8d4dabc36b1f9,,Virtualized by::Virtualizes,BYQA0705M2T,IT_INFRA_CLS_UNIFIED-L1_OPS,Test,Installed,On,08/03/2026 07:34,SG-Azure,IT_INFRA_CLS_UNIFIED-L1_OPS,IT_INFRA_CLS_UNIFIED-L1_OPS,IT_INFRA_CLS_UNIFIED-L1_OPS,Operational,Important,0,,,,2,,"4,096",,,Enterprise,b5698776-079f-43b9-afec-993775e61013,,/subscriptions/a76c4b70-fd35-4481-962a-e10b1e72da25/resourceGroups/rg-bapu-qa-az-a76c4b70fd35-workload/providers/Microsoft.Compute/virtualMachines/BYQA0705M2T,Not VOPs enabled,fe9e48a2c6a6f690229a329833ff23f7
VOPs Testing Workloads - type 2-2_Dev,IT_AO_VOPS_Testing_Squad_B,Development,Installed,Not VOPs enabled,BEAT04080128,IT_AO_VOPS_Testing_Squad_B,IT_AO_VOPS_Testing_Squad_B,IT_AO_VOPS_Testing_Squad_B,Non-Operational,Mapped Application Service,Supportive,Not relevant,Not relevant,DE,BYRSI55883127,Eike Friedrichs,Application Operations Bronze CapGemini,Application Operations Bronze CapGemini,Bronze,VOPS,e50a76feeba0ba1cedbff60cadc0cd6b,Depends on::Used by,patchsandvml01,IT_INFRA_CLS_UNIFIED-L1_OPS,Installed,Not VOPs enabled,08/03/2026 05:36,SG-Azure,IT_AO_ITSM_SA20-ChangeManagement-TLSME_Approver,IT_INFRA_CLS_UNIFIED-L1_OPS,IT_INFRA_CLS_UNIFIED-L1_OPS,Development,Operational,Red Hat Enterprise Linux Release 8.10 (ootpa),8.1,Microsoft Azure Virtual Machine,Classical Compute (Compute & Storage),Linux Server,013ff726-49b9-4e79-a0bd-9b411af31f75,12fa6898-224c-4ebf-baed-86171244b259,1,GenuineIntel,Important,256,,,DE,patchsandvml01,BYRSI55309077,,"7,698",0000-0000-0900-6226-1388-3982-01,,Managed virtual OS SA2 DR1,"CAP_CG_CCP, bay_sca, BAY_CTH_CDN_Testing_Cloud, VOPS_DEV_LIN_02, VOPS_DEV_LIN_ImageOS_RHEL_8.10_standard, VOPS_DEV_LIN_ImageOS_RHEL_8:, VOPS_DEV_LIN_ImageOS_RHEL_8.10_SAP, VOPS_DEV_LINUX, VOPS_DEV_LIN_RepoScan_Ring0, { ""TagName"": ""CustomTag"" }, DummyTag, VOPS_DEV_PDEP_Lin_Opt_01, VOPS_DEV_LIN, VOPS_DEV_PDEP_Lin_Opt_02",Enterprise,Managed virtual OS SA2 DR1,10.56.49.9,,patchsandvml01.hia4owxq22juhjcfauylbhhp1h.frax.internal.cloudapp.net,Public Cloud,TRUE,50469d313b8cb294146241dc73e45a02,,Virtualized by::Virtualizes,patchsandvml01,IT_INFRA_CLS_UNIFIED-L1_OPS,Development,Installed,On,08/03/2026 07:31,SG-Azure,IT_INFRA_CLS_UNIFIED-L1_OPS,IT_INFRA_CLS_UNIFIED-L1_OPS,IT_INFRA_CLS_UNIFIED-L1_OPS,Operational,Important,16,,,,2,,"8,192",,,Enterprise,013ff726-49b9-4e79-a0bd-9b411af31f75,,/subscriptions/12fa6898-224c-4ebf-baed-86171244b259/resourceGroups/patching-sandbox-rg/providers/Microsoft.Compute/virtualMachines/patchsandvml01,Not VOPs enabled,be67485d3579fe1050367f618fe2cff4
VOPs Testing Workloads - type 2-2_Prod,IT_AO_VOPS_Testing_Squad_B,Production,Installed,Not VOPs enabled,BEAT04080128,IT_AO_VOPS_Testing_Squad_B,IT_AO_VOPS_Testing_Squad_B,IT_AO_VOPS_Testing_Squad_B,Non-Operational,Mapped Application Service,Important,Not relevant,Not relevant,DE,BYRSI55883126,Eike Friedrichs,Application Operations Bronze CapGemini,Application Operations Bronze CapGemini,Bronze,VOPS,fc0a36feeba0ba1cedbff60cadc0cddb,Depends on::Used by,byqa070zs6n,IT_INFRA_CLS_UNIFIED-L1_OPS,Installed,Not VOPs enabled,08/03/2026 05:35,SG-Azure,IT_INFRA_CLS_UNIFIED-L1_OPS,IT_INFRA_CLS_UNIFIED-L1_OPS,IT_INFRA_CLS_UNIFIED-L1_OPS,Production,Operational,SUSE Linux Enterprise Server 15 SP2,15.2,Microsoft Azure Virtual Machine,Classical Compute (Compute & Storage),Linux Server,2e033271-bcd5-496e-971c-8ce454a997eb,a76c4b70-fd35-4481-962a-e10b1e72da25,1,AuthenticAMD,Important,30,Not relevant,Not relevant,DE,byqa070zs6n,BYRSI70850177,,"3,922",0000-0003-3155-4921-4755-6048-46,,Managed virtual OS SA2 DR1,CAP_CG_CCP,Enterprise,Managed virtual OS SA2 DR1,10.56.32.58,VDD test workload,byqa070zs6n.bayer.cnb,Public Cloud,TRUE,00ae00e25ca6f6904533742de62e5f13,,Virtualized by::Virtualizes,BYQA070ZS6N,IT_INFRA_CLS_UNIFIED-L1_OPS,Production,Installed,On,08/03/2026 07:34,SG-Azure,IT_INFRA_CLS_UNIFIED-L1_OPS,IT_INFRA_CLS_UNIFIED-L1_OPS,IT_INFRA_CLS_UNIFIED-L1_OPS,Operational,Important,0,,Not relevant,Not relevant,2,,"4,096",,,Enterprise,2e033271-bcd5-496e-971c-8ce454a997eb,,/subscriptions/a76c4b70-fd35-4481-962a-e10b1e72da25/resourceGroups/rg-bapu-qa-az-a76c4b70fd35-workload/providers/Microsoft.Compute/virtualMachines/BYQA070ZS6N,Not VOPs enabled,44ae00e2c4a6f6907bdd6224ba34d411
VOPs Testing Workloads - type 2-1_Dev,IT_AO_VOPS_Testing_Squad_B,Development,Installed,Not VOPs enabled,BEAT04080422,IT_AO_VOPS_Testing_Squad_B,IT_AO_VOPS_Testing_Squad_B,IT_AO_VOPS_Testing_Squad_B,Non-Operational,Mapped Application Service,Supportive,Not relevant,Not relevant,DE,BYRSI56290521,Eike Friedrichs,Application Operations Bronze CapGemini,Application Operations Bronze CapGemini,Bronze,VOPS,61b1a15f2bb03a14c2c7fae3ce91bf99,Depends on::Used by,xbyqa070hygm,IT_INFRA_CLS_UNIFIED-L1_OPS,Installed,Not VOPs enabled,08/03/2026 05:35,SG-Azure,IT_AO_ITSM_SA20-ChangeManagement-TLSME_Approver,IT_INFRA_CLS_UNIFIED-L1_OPS,IT_INFRA_CLS_UNIFIED-L1_OPS,Development,Operational,Red Hat Enterprise Linux Release 9.6 (plow),9.6,Microsoft Azure Virtual Machine,Classical Compute (Compute & Storage),Linux Server,d4a010d3-e3e1-4bb6-adf4-dcc670f61430,a76c4b70-fd35-4481-962a-e10b1e72da25,1,AuthenticAMD,Important,64,,,DE,xbyqa070hygm,BYRSI66479170,,"7,677",0000-0015-3212-6443-4561-7642-78,,Managed virtual OS SA2 DR1,"CAP_CT_Linux_PublicCloud_Test, bay_sca, VOPS_RHEL_Patch_Test, VOPS_DEV_MANAGED_CI, VOPS_DEV_LIN_02, VOPS_DEV_LIN_ImageOS_RHEL_9.6_standard, VOPS_DEV_LIN_ImageOS_RHEL_9:, VOPS_DEV_LINUX, VOPS_DEV_LIN_RepoScan_Ring0, VOPS_DEV_LIN_Month-02, VOPS_Patch_Linux_Testing",Enterprise,Managed virtual OS SA2 DR1,10.56.32.38,,xbyqa070hygm.bayer.cnb,Public Cloud,TRUE,cf3b0b88dbfd3a944c089c69bd419ca0,,Virtualized by::Virtualizes,XBYQA070HYGM,IT_INFRA_CLS_UNIFIED-L1_OPS,Development,Installed,On,08/03/2026 07:34,SG-Azure,IT_INFRA_CLS_UNIFIED-L1_OPS,IT_INFRA_CLS_UNIFIED-L1_OPS,IT_INFRA_CLS_UNIFIED-L1_OPS,Operational,Important,0,,,,2,,"8,192",,,Enterprise,d4a010d3-e3e1-4bb6-adf4-dcc670f61430,,/subscriptions/a76c4b70-fd35-4481-962a-e10b1e72da25/resourceGroups/rg-bapu-qa-az-a76c4b70fd35-workload/providers/Microsoft.Compute/virtualMachines/XBYQA070HYGM,Not VOPs enabled,1de6ccd562f5be107b3fafb3e1f0625b
VOPs Testing Workloads - type 2-1_Test,IT_AO_VOPS_Testing_Squad_B,Test,Installed,Not VOPs enabled,BEAT04080422,IT_AO_VOPS_Testing_Squad_B,IT_AO_VOPS_Testing_Squad_B,IT_AO_VOPS_Testing_Squad_B,Non-Operational,Mapped Application Service,Supportive,Not relevant,Not relevant,DE,BYRSI56290527,Eike Friedrichs,Application Operations Bronze CapGemini,Application Operations Bronze CapGemini,Bronze,VOPS,cab1e15f2bb03a14c2c7fae3ce91bfcb,Depends on::Used by,xbyqa0707aw4,IT_INFRA_CLS_UNIFIED-L1_OPS,Installed,Not VOPs enabled,08/03/2026 05:35,SG-Azure,IT_AO_ITSM_SA20-ChangeManagement-TLSME_Approver,IT_INFRA_CLS_UNIFIED-L1_OPS,IT_INFRA_CLS_UNIFIED-L1_OPS,Test,Operational,Windows Server 2022 Standard,10.0.20348,Microsoft Azure Virtual Machine,Classical Compute (Compute & Storage),Windows Server,f6471ee7-af4a-4527-8ca1-51a35688f15f,a76c4b70-fd35-4481-962a-e10b1e72da25,1,AuthenticAMD,Important,128,,,DE,xbyqa0707aw4,BYRSI70784574,No Service Pack found,"8,187",0000-0017-7461-8683-7103-8876-55,,Managed virtual OS SA2 DR1,"CAP_CT_Windows_PublicCloud_Dev, bay_sca, VOPS_DEV_MANAGED_CI, VOPS_DEV_WINDOWS",Enterprise,Managed virtual OS SA2 DR1,10.56.32.36,,xbyqa0707aw4.bayer.cnb,Public Cloud,TRUE,d19b79f192eaf65036c9c61e117783f7,,Virtualized by::Virtualizes,XBYQA0707AW4,IT_INFRA_CLS_UNIFIED-L1_OPS,Test,Installed,On,08/03/2026 07:34,SG-Azure,IT_INFRA_CLS_UNIFIED-L1_OPS,IT_INFRA_CLS_UNIFIED-L1_OPS,IT_INFRA_CLS_UNIFIED-L1_OPS,Operational,Important,0,,,,2,,"8,192",,,Enterprise,f6471ee7-af4a-4527-8ca1-51a35688f15f,,/subscriptions/a76c4b70-fd35-4481-962a-e10b1e72da25/resourceGroups/RG-BAPU-QA-AZ-A76C4B70FD35-WORKLOAD/providers/Microsoft.Compute/virtualMachines/XBYQA0707AW4,Not VOPs enabled,199b79f160eaf650bd6cf9ba870048f5
VOPs Testing Workloads_Dev,IT_AO_VOPS_Testing_Squad_A,Development,Installed,Not VOPs enabled,BEAT04079742,IT_AO_VOPS_Testing_Squad_A,IT_AO_VOPS_Testing_Squad_A,IT_AO_VOPS_Testing_Squad_A,Non-Operational,Mapped Application Service,Supportive,Not relevant,Not relevant,DE,BYRSI55345608,Eike Friedrichs,Application Operations Bronze CapGemini,Application Operations Bronze CapGemini,Bronze,VOPS,42b9153f2bc836d4f3d0f71ec891bf68,Depends on::Used by,byde959naqy,IT_INFRA_CLS_UNIFIED-L1_OPS,Installed,Not VOPs enabled,06/03/2026 07:49,SG-TaniumSN,IT_AO_ITSM_SA20-ChangeManagement-TLSME_Approver,IT_INFRA_CLS_UNIFIED-L1_OPS,IT_INFRA_CLS_UNIFIED-L1_OPS,Development,Operational,Windows Server 2019 Datacenter,10.0.17763,VMware VMware Virtual Platform,Classical Compute (Compute & Storage),Windows Server,Endpoint does not appear to host a local metadata service,Endpoint does not appear to host a local metadata service,2,GenuineIntel,Important,,Not relevant,Not relevant,DE/AVS,byde959naqy,BYRSI66352269,No Service Pack found,"8,192",VMware-42 08 da 2c 8f d2 e7 f7-34 3c ad 41 17 38 1a 00,,Managed virtual OS SA2 DR1,"CAP_CT_Windows_PrivateCloud_Prod, bay_sca, VOPS_DEV_MANAGED_CI, VOPS_DEV_WINDOWS",Enterprise,Managed virtual OS SA2 DR1,10.30.1.76,"ApplicationID: BEAT04079742, RequestID: f201bef6fb6972d084d2fc628eefdcec,MappedApplicationID: BYRSI55345607, MappedApplicationName: VOPs Testing Workloads_Prod, RequestedFor: EBNCY, RequestedBy: Florian Lierenfeld, ApprovedBy: Rama Tota",BYDE959NAQY.bayer.cnb,Private Cloud AVS,TRUE,7498a38732217e109bf4eb9a991fa66e,Patch-WK1_Prod_Batch-1_Sat,Instantiates::Instantiated by,BYDE959NAQY,IT_INFRA_CLS_UNIFIED-L1_OPS,Development,Installed,On,07/03/2026 20:01,ServiceNow,IT_INFRA_CLS_UNIFIED-L1_OPS,IT_INFRA_CLS_UNIFIED-L1_OPS,IT_INFRA_CLS_UNIFIED-L1_OPS,Operational,Important,280,2,,,2,,"8,192",,,Enterprise,,vCenter@10.33.0.2,,Not VOPs enabled,c69ace9f3b21b694df30e06765e45adf
VOPs Testing Workloads_Dev,IT_AO_VOPS_Testing_Squad_A,Development,Installed,Not VOPs enabled,BEAT04079742,IT_AO_VOPS_Testing_Squad_A,IT_AO_VOPS_Testing_Squad_A,IT_AO_VOPS_Testing_Squad_A,Non-Operational,Mapped Application Service,Supportive,Not relevant,Not relevant,DE,BYRSI55345608,Eike Friedrichs,Application Operations Bronze CapGemini,Application Operations Bronze CapGemini,Bronze,VOPS,42b9153f2bc836d4f3d0f71ec891bf68,Depends on::Used by,byqa070cs00,IT_INFRA_CLS_UNIFIED-L1_OPS,Installed,Not VOPs enabled,08/03/2026 05:35,SG-Azure,IT_AO_ITSM_SA20-ChangeManagement-TLSME_Approver,IT_INFRA_CLS_UNIFIED-L1_OPS,IT_INFRA_CLS_UNIFIED-L1_OPS,Development,Operational,Oracle Linux Server Release 9.5,9.5,Microsoft Azure Virtual Machine,Classical Compute (Compute & Storage),Linux Server,30d9a9c0-2623-411a-a61e-419607bdc2a9,a76c4b70-fd35-4481-962a-e10b1e72da25,1,AuthenticAMD,Important,64,,,DE,byqa070cs00,BYRSI71616442,,"3,455",0000-0003-5200-3122-6505-4128-90,,Managed virtual OS SA2 DR1,"CAP_CG_CCP, CAP_CT_Linux_PublicCloud_Dev, VOPS_DEV_MANAGED_CI, VOPS_DEV_MANAGED_CI_LIN",Enterprise,Managed virtual OS SA2 DR1,10.56.32.55,,byqa070cs00.local,Public Cloud,TRUE,dc8b5823700b765006990e7c2c692a93,,Virtualized by::Virtualizes,BYQA070CS00,IT_INFRA_CLS_UNIFIED-L1_OPS,Development,Installed,On,08/03/2026 07:34,SG-Azure,IT_INFRA_CLS_UNIFIED-L1_OPS,IT_INFRA_CLS_UNIFIED-L1_OPS,IT_INFRA_CLS_UNIFIED-L1_OPS,Operational,Important,0,,,,2,,"4,096",,,Enterprise,30d9a9c0-2623-411a-a61e-419607bdc2a9,,/subscriptions/a76c4b70-fd35-4481-962a-e10b1e72da25/resourceGroups/rg-bapu-qa-az-a76c4b70fd35-workload/providers/Microsoft.Compute/virtualMachines/BYQA070CS00,Not VOPs enabled,148b5823110b7650fed047a79e34ab92
VOPs Testing Workloads_Test,IT_AO_VOPS_Testing_Squad_A,Test,Installed,Not VOPs enabled,BEAT04079742,IT_AO_VOPS_Testing_Squad_A,IT_AO_VOPS_Testing_Squad_A,IT_AO_VOPS_Testing_Squad_A,Non-Operational,Mapped Application Service,Supportive,Not relevant,Not relevant,DE,BYRSI55345609,Eike Friedrichs,Application Operations Bronze CapGemini,Application Operations Bronze CapGemini,Bronze,VOPS,62b9553f2bc836d4f3d0f71ec891bf3c,Depends on::Used by,patchsandvml03,IT_INFRA_CLS_UNIFIED-L1_OPS,Installed,Not VOPs enabled,08/03/2026 05:36,SG-Azure,IT_AO_ITSM_SA20-ChangeManagement-TLSME_Approver,IT_INFRA_CLS_UNIFIED-L1_OPS,IT_INFRA_CLS_UNIFIED-L1_OPS,Test,Operational,Ubuntu 24.04.3 Lts,24.04,Microsoft Azure Virtual Machine,Classical Compute (Compute & Storage),Linux Server,1c6e1997-25a6-4438-8d86-d16689493602,12fa6898-224c-4ebf-baed-86171244b259,1,GenuineIntel,Important,256,,,DE,patchsandvml03,BYRSI55309042,,"7,944",0000-0002-0486-0301-7462-5638-96,,Managed virtual OS SA2 DR1,"smart_cloud, bay_sca, VOPS_DEV_MANAGED_CI, VOPS_DEV_LIN_02, VOPS_DEV_LINUX, VOPS_DEV_LIN_RepoScan_Ring0, VOPS_DEV_LIN_Month-02",Enterprise,Managed virtual OS SA2 DR1,10.56.49.11,,patchsandvml03.hia4owxq22juhjcfauylbhhp1h.frax.internal.cloudapp.net,Public Cloud,TRUE,5b36d9313b8cb294146241dc73e45ac5,,Virtualized by::Virtualizes,patchsandvml03,IT_INFRA_CLS_UNIFIED-L1_OPS,Test,Installed,On,08/03/2026 07:31,SG-Azure,IT_INFRA_CLS_UNIFIED-L1_OPS,IT_INFRA_CLS_UNIFIED-L1_OPS,IT_INFRA_CLS_UNIFIED-L1_OPS,Operational,Important,16,,,,2,,"8,192",,,Enterprise,1c6e1997-25a6-4438-8d86-d16689493602,,/subscriptions/12fa6898-224c-4ebf-baed-86171244b259/resourceGroups/patching-sandbox-rg/providers/Microsoft.Compute/virtualMachines/patchsandvml03,Not VOPs enabled,77674c5d8f79fe1073f15ac9045a69c0
VOPs Testing Workloads - type 2-2_Test,IT_AO_VOPS_Testing_Squad_B,Test,Installed,Not VOPs enabled,BEAT04080128,IT_AO_VOPS_Testing_Squad_B,IT_AO_VOPS_Testing_Squad_B,IT_AO_VOPS_Testing_Squad_B,Non-Operational,Mapped Application Service,Supportive,Not relevant,Not relevant,DE,BYRSI55883128,Eike Friedrichs,Application Operations Bronze CapGemini,Application Operations Bronze CapGemini,Bronze,VOPS,460ab6feeba0ba1cedbff60cadc0cd19,Depends on::Used by,byqa070x0r8,IT_INFRA_CLS_UNIFIED-L1_OPS,Installed,Not VOPs enabled,08/03/2026 05:35,SG-Azure,IT_INFRA_CLS_UNIFIED-L1_OPS,IT_INFRA_CLS_UNIFIED-L1_OPS,IT_INFRA_CLS_UNIFIED-L1_OPS,Test,Operational,Red Hat Enterprise Linux Server release 7.9 (Maipo),7.9,Microsoft Azure Virtual Machine,Classical Compute (Compute & Storage),Linux Server,16cc66c3-be07-4710-9eaf-962bbd9859ec,a76c4b70-fd35-4481-962a-e10b1e72da25,1,AuthenticAMD,Important,64,,,DE,byqa070x0r8,BYRSI70879898,,"3,785",0000-0001-6428-0095-4976-1922-72,,Managed virtual OS SA2 DR1,CAP_CG_CCP,Enterprise,Managed virtual OS SA2 DR1,10.56.32.60,VDD test workload,byqa070x0r8.bayer.cnb,Public Cloud,TRUE,fc78d13271a6b21439b8e8ce4493955d,,Virtualized by::Virtualizes,BYQA070X0R8,IT_INFRA_CLS_UNIFIED-L1_OPS,Test,Installed,On,08/03/2026 07:34,SG-Azure,IT_INFRA_CLS_UNIFIED-L1_OPS,IT_INFRA_CLS_UNIFIED-L1_OPS,IT_INFRA_CLS_UNIFIED-L1_OPS,Operational,Important,0,,,,2,,"4,096",,,Enterprise,16cc66c3-be07-4710-9eaf-962bbd9859ec,,/subscriptions/a76c4b70-fd35-4481-962a-e10b1e72da25/resourceGroups/rg-bapu-qa-az-a76c4b70fd35-workload/providers/Microsoft.Compute/virtualMachines/BYQA070X0R8,Not VOPs enabled,3478d13228a6b214d9409507fe79f45c
VOPs Testing Workloads - type 2-2_Test,IT_AO_VOPS_Testing_Squad_B,Test,Installed,Not VOPs enabled,BEAT04080128,IT_AO_VOPS_Testing_Squad_B,IT_AO_VOPS_Testing_Squad_B,IT_AO_VOPS_Testing_Squad_B,Non-Operational,Mapped Application Service,Supportive,Not relevant,Not relevant,DE,BYRSI55883128,Eike Friedrichs,Application Operations Bronze CapGemini,Application Operations Bronze CapGemini,Bronze,VOPS,460ab6feeba0ba1cedbff60cadc0cd19,Depends on::Used by,byqa070ul90,IT_INFRA_CLS_UNIFIED-L1_OPS,Installed,Not VOPs enabled,08/03/2026 05:35,SG-Azure,IT_AO_ITSM_SA20-ChangeManagement-TLSME_Approver,IT_INFRA_CLS_UNIFIED-L1_OPS,IT_INFRA_CLS_UNIFIED-L1_OPS,Test,Operational,Red Hat Enterprise Linux Release 8.10 (ootpa),8.1,Microsoft Azure Virtual Machine,Classical Compute (Compute & Storage),Linux Server,6cf095d3-fd2f-4c27-8651-76240d4da704,a76c4b70-fd35-4481-962a-e10b1e72da25,1,AuthenticAMD,Important,64,,,DE,byqa070ul90,BYRSI70879889,,"3,661",0000-0007-8499-3888-8225-1479-43,,Managed virtual OS SA2 DR1,"CAP_CT_Linux_PublicCloud_Dev, VOPS_DEV",Enterprise,Managed virtual OS SA2 DR1,10.56.32.59,,byqa070ul90.bayer.cnb,Public Cloud,TRUE,0878ddfe8f66b214dc58502a4a2e2e72,,Virtualized by::Virtualizes,BYQA070UL90,IT_INFRA_CLS_UNIFIED-L1_OPS,Test,Installed,On,08/03/2026 07:34,SG-Azure,IT_INFRA_CLS_UNIFIED-L1_OPS,IT_INFRA_CLS_UNIFIED-L1_OPS,IT_INFRA_CLS_UNIFIED-L1_OPS,Operational,Important,0,,,,2,,"4,096",,,Enterprise,6cf095d3-fd2f-4c27-8651-76240d4da704,,/subscriptions/a76c4b70-fd35-4481-962a-e10b1e72da25/resourceGroups/rg-bapu-qa-az-a76c4b70fd35-workload/providers/Microsoft.Compute/virtualMachines/BYQA070UL90,Not VOPs enabled,4c78ddfe0666b21451cef0ad286e4e70
VOPs Testing Workloads - type 2-2_Dev,IT_AO_VOPS_Testing_Squad_B,Development,Installed,Not VOPs enabled,BEAT04080128,IT_AO_VOPS_Testing_Squad_B,IT_AO_VOPS_Testing_Squad_B,IT_AO_VOPS_Testing_Squad_B,Non-Operational,Mapped Application Service,Supportive,Not relevant,Not relevant,DE,BYRSI55883127,Eike Friedrichs,Application Operations Bronze CapGemini,Application Operations Bronze CapGemini,Bronze,VOPS,e50a76feeba0ba1cedbff60cadc0cd6b,Depends on::Used by,xbyqa070tf76,IT_INFRA_CLS_UNIFIED-L1_OPS,Installed,Not VOPs enabled,08/03/2026 05:35,SG-Azure,IT_INFRA_CLS_UNIFIED-L1_OPS,IT_INFRA_CLS_UNIFIED-L1_OPS,IT_INFRA_CLS_UNIFIED-L1_OPS,Development,Operational,Ubuntu 24.04.3 Lts,24.04,Microsoft Azure Virtual Machine,Classical Compute (Compute & Storage),Linux Server,7fb89bbd-2f22-4902-9836-71a001ab5c68,a76c4b70-fd35-4481-962a-e10b1e72da25,1,AuthenticAMD,Important,54,,,DE,xbyqa070tf76,BYRSI70819331,,"3,913",0000-0009-2032-7707-5373-5088-66,,Managed virtual OS SA2 DR1,"CAP_CT_Linux_PublicCloud_Dev, VOPS_DEV",Enterprise,Managed virtual OS SA2 DR1,10.56.32.46,VDD test workload,xbyqa070tf76.bayer.cnb,Public Cloud,TRUE,90650fcea6e6bed03ce60a21d660ea2a,,Virtualized by::Virtualizes,XBYQA070TF76,IT_INFRA_CLS_UNIFIED-L1_OPS,Development,Installed,On,08/03/2026 07:34,SG-Azure,IT_INFRA_CLS_UNIFIED-L1_OPS,IT_INFRA_CLS_UNIFIED-L1_OPS,IT_INFRA_CLS_UNIFIED-L1_OPS,Operational,Important,0,,,,2,,"4,096",,,Enterprise,7fb89bbd-2f22-4902-9836-71a001ab5c68,,/subscriptions/a76c4b70-fd35-4481-962a-e10b1e72da25/resourceGroups/rg-bapu-qa-az-a76c4b70fd35-workload/providers/Microsoft.Compute/virtualMachines/XBYQA070TF76,Not VOPs enabled,d4650fce97e6bed0c25377add647b528
VOPs Testing Workloads - type 2-2_Prod,IT_AO_VOPS_Testing_Squad_B,Production,Installed,Not VOPs enabled,BEAT04080128,IT_AO_VOPS_Testing_Squad_B,IT_AO_VOPS_Testing_Squad_B,IT_AO_VOPS_Testing_Squad_B,Non-Operational,Mapped Application Service,Important,Not relevant,Not relevant,DE,BYRSI55883126,Eike Friedrichs,Application Operations Bronze CapGemini,Application Operations Bronze CapGemini,Bronze,VOPS,fc0a36feeba0ba1cedbff60cadc0cddb,Depends on::Used by,byqa070tpvn,IT_INFRA_CLS_UNIFIED-L1_OPS,Installed,Not VOPs enabled,08/03/2026 05:35,SG-Azure,IT_AO_ITSM_SA20-ChangeManagement-TLSME_Approver,IT_INFRA_CLS_UNIFIED-L1_OPS,IT_INFRA_CLS_UNIFIED-L1_OPS,Production,Operational,Red Hat Enterprise Linux Release 8.10 (ootpa),8.1,Microsoft Azure Virtual Machine,Classical Compute (Compute & Storage),Linux Server,,,1,AuthenticAMD,Important,64,Not relevant,Not relevant,DE,byqa070tpvn,BYRSI70850153,,"3,661",0000-0005-5635-3582-8151-5866-75,,Managed virtual OS SA2 DR1,"CAP_CT_Linux_PublicCloud_Dev, VOPS_DEV, TAN-PYTHON",Enterprise,Managed virtual OS SA2 DR1,10.56.32.52,,byqa070tpvn.bayer.cnb,Public Cloud,TRUE,2d9e04a249a6f690219ff1608f8a6176,,Virtualized by::Virtualizes,BYQA070TPVN,IT_INFRA_CLS_UNIFIED-L1_OPS,Production,Installed,On,08/03/2026 07:34,SG-Azure,IT_INFRA_CLS_UNIFIED-L1_OPS,IT_INFRA_CLS_UNIFIED-L1_OPS,IT_INFRA_CLS_UNIFIED-L1_OPS,Operational,Important,0,,Not relevant,Not relevant,2,,"4,096",,,Enterprise,4d35a65b-dc22-4f73-b749-da887f6d4f5f,,/subscriptions/a76c4b70-fd35-4481-962a-e10b1e72da25/resourceGroups/rg-bapu-qa-az-a76c4b70fd35-workload/providers/Microsoft.Compute/virtualMachines/BYQA070TPVN,Not VOPs enabled,619e04a2a6a6f690dcdd0cbe5719f175
VOPs Testing Workloads - type 2-1_Prod,IT_AO_VOPS_Testing_Squad_B,Production,Installed,Not VOPs enabled,BEAT04080422,IT_AO_VOPS_Testing_Squad_B,IT_AO_VOPS_Testing_Squad_B,IT_AO_VOPS_Testing_Squad_B,Non-Operational,Mapped Application Service,Important,Not relevant,Not relevant,DE,BYRSI56290509,Eike Friedrichs,Application Operations Bronze CapGemini,Application Operations Bronze CapGemini,Bronze,VOPS,60b1615f2bb03a14c2c7fae3ce91bf22,Depends on::Used by,xbyqa0705bet,IT_INFRA_CLS_UNIFIED-L1_OPS,Installed,Not VOPs enabled,08/03/2026 05:35,SG-Azure,IT_AO_ITSM_SA20-ChangeManagement-TLSME_Approver,IT_INFRA_CLS_UNIFIED-L1_OPS,IT_INFRA_CLS_UNIFIED-L1_OPS,Production,Operational,Windows Server 2016 Standard,10.0.14393,Microsoft Azure Virtual Machine,Classical Compute (Compute & Storage),Windows Server,6ebf89b3-49d5-4bda-8d48-6df5f01b6668,a76c4b70-fd35-4481-962a-e10b1e72da25,1,AuthenticAMD,Important,128,,,DE,xbyqa0705bet,BYRSI70784583,No Service Pack found,"8,187",0000-0007-9802-4846-7854-6749-06,,Managed virtual OS SA2 DR1,"""smart-auto smart-cloud""",Enterprise,Managed virtual OS SA2 DR1,10.56.32.42,,xbyqa0705bet.bayer.cnb,Public Cloud,TRUE,ce9bf9f17ceaf65022c52c9f7c3da6ba,,Virtualized by::Virtualizes,XBYQA0705BET,IT_INFRA_CLS_UNIFIED-L1_OPS,Production,Installed,On,08/03/2026 07:34,SG-Azure,IT_INFRA_CLS_UNIFIED-L1_OPS,IT_INFRA_CLS_UNIFIED-L1_OPS,IT_INFRA_CLS_UNIFIED-L1_OPS,Operational,Important,0,,,,2,,"8,192",,,Enterprise,6ebf89b3-49d5-4bda-8d48-6df5f01b6668,,/subscriptions/a76c4b70-fd35-4481-962a-e10b1e72da25/resourceGroups/rg-bapu-qa-az-a76c4b70fd35-workload/providers/Microsoft.Compute/virtualMachines/XBYQA0705BET,Not VOPs enabled,069bf9f1a2eaf650fc659f874fd773b9
VOPs Testing Workloads - type 2-1_Dev,IT_AO_VOPS_Testing_Squad_B,Development,Installed,Not VOPs enabled,BEAT04080422,IT_AO_VOPS_Testing_Squad_B,IT_AO_VOPS_Testing_Squad_B,IT_AO_VOPS_Testing_Squad_B,Non-Operational,Mapped Application Service,Supportive,Not relevant,Not relevant,DE,BYRSI56290521,Eike Friedrichs,Application Operations Bronze CapGemini,Application Operations Bronze CapGemini,Bronze,VOPS,61b1a15f2bb03a14c2c7fae3ce91bf99,Depends on::Used by,xbyqa0700iz7,IT_INFRA_CLS_UNIFIED-L1_OPS,Installed,Not VOPs enabled,08/03/2026 05:35,SG-Azure,IT_AO_ITSM_SA20-ChangeManagement-TLSME_Approver,IT_INFRA_CLS_UNIFIED-L1_OPS,IT_INFRA_CLS_UNIFIED-L1_OPS,Development,Operational,Windows Server 2019 Standard,10.0.17763,Microsoft Azure Virtual Machine,Classical Compute (Compute & Storage),Windows Server,8cd3c1e1-2fc7-4404-97a6-4ea4f5da228e,a76c4b70-fd35-4481-962a-e10b1e72da25,1,AuthenticAMD,Important,128,,,DE,xbyqa0700iz7,BYRSI66479283,No Service Pack found,"8,191",0000-0010-1476-6755-8309-2500-52,,Managed virtual OS SA2 DR1,"CAP_CT_Windows_PublicCloud_Test, bay_sca, VOPS_DEV_MANAGED_CI, VOPS_DEV_WINDOWS",Enterprise,Managed virtual OS SA2 DR1,10.56.32.39,,xbyqa0700iz7.bayer.cnb,Public Cloud,TRUE,4f6b078c2ffd3a9440d7145ecded3191,,Virtualized by::Virtualizes,XBYQA0700IZ7,IT_INFRA_CLS_UNIFIED-L1_OPS,Development,Installed,On,08/03/2026 07:34,SG-Azure,IT_INFRA_CLS_UNIFIED-L1_OPS,IT_INFRA_CLS_UNIFIED-L1_OPS,IT_INFRA_CLS_UNIFIED-L1_OPS,Operational,Important,0,,,,2,,"8,192",,,Enterprise,8cd3c1e1-2fc7-4404-97a6-4ea4f5da228e,,/subscriptions/a76c4b70-fd35-4481-962a-e10b1e72da25/resourceGroups/RG-BAPU-QA-AZ-A76C4B70FD35-WORKLOAD/providers/Microsoft.Compute/virtualMachines/XBYQA0700IZ7,Not VOPs enabled,f4e60cd55ef5be1025cf76257b5ac5aa
VOPs Testing Workloads - type 2-1_Test,IT_AO_VOPS_Testing_Squad_B,Test,Installed,Not VOPs enabled,BEAT04080422,IT_AO_VOPS_Testing_Squad_B,IT_AO_VOPS_Testing_Squad_B,IT_AO_VOPS_Testing_Squad_B,Non-Operational,Mapped Application Service,Supportive,Not relevant,Not relevant,DE,BYRSI56290527,Eike Friedrichs,Application Operations Bronze CapGemini,Application Operations Bronze CapGemini,Bronze,VOPS,cab1e15f2bb03a14c2c7fae3ce91bfcb,Depends on::Used by,byqa0709ohy,IT_INFRA_CLS_UNIFIED-L1_OPS,Installed,Not VOPs enabled,08/03/2026 05:35,SG-Azure,IT_AO_ITSM_SA20-ChangeManagement-TLSME_Approver,IT_INFRA_CLS_UNIFIED-L1_OPS,IT_INFRA_CLS_UNIFIED-L1_OPS,Test,Operational,Red Hat Enterprise Linux Release 9.6 (plow),9.6,Microsoft Azure Virtual Machine,Classical Compute (Compute & Storage),Linux Server,,,1,AuthenticAMD,Important,64,,,DE,byqa0709ohy,BYRSI70850143,,"3,651",0000-0011-3321-3232-9488-3386-49,,Managed virtual OS SA2 DR1,"CAP_CT_Linux_PublicCloud_Dev, VOPS_DEV, TAN-PYTHON",Enterprise,Managed virtual OS SA2 DR1,10.56.32.44,,byqa0709ohy.bayer.cnb,Public Cloud,TRUE,dc9ecc62f8a6f6908821714b05bf8c2a,,Virtualized by::Virtualizes,BYQA0709OHY,IT_INFRA_CLS_UNIFIED-L1_OPS,Test,Installed,On,08/03/2026 07:34,SG-Azure,IT_INFRA_CLS_UNIFIED-L1_OPS,IT_INFRA_CLS_UNIFIED-L1_OPS,IT_INFRA_CLS_UNIFIED-L1_OPS,Operational,Important,0,,,,2,,"4,096",,,Enterprise,9d43d250-3edf-4ed9-9826-69a42cab41ca,,/subscriptions/a76c4b70-fd35-4481-962a-e10b1e72da25/resourceGroups/rg-bapu-qa-az-a76c4b70fd35-workload/providers/Microsoft.Compute/virtualMachines/BYQA0709OHY,Not VOPs enabled,149ecc6248a6f690b8d8e7822ed53d29
VOPs Testing Workloads_Dev,IT_AO_VOPS_Testing_Squad_A,Development,Installed,Not VOPs enabled,BEAT04079742,IT_AO_VOPS_Testing_Squad_A,IT_AO_VOPS_Testing_Squad_A,IT_AO_VOPS_Testing_Squad_A,Non-Operational,Mapped Application Service,Supportive,Not relevant,Not relevant,DE,BYRSI55345608,Eike Friedrichs,Application Operations Bronze CapGemini,Application Operations Bronze CapGemini,Bronze,VOPS,42b9153f2bc836d4f3d0f71ec891bf68,Depends on::Used by,byde10023zaw,IT_INFRA_CLS_UNIFIED-L1_OPS,Installed,Not VOPs enabled,06/03/2026 07:49,SG-TaniumSN,IT_AO_ITSM_SA20-ChangeManagement-TLSME_Approver,IT_INFRA_CLS_UNIFIED-L1_OPS,IT_INFRA_CLS_UNIFIED-L1_OPS,Development,Operational,Windows Server 2019 Datacenter,10.0.17763,VMware VMware Virtual Platform,Classical Compute (Compute & Storage),Windows Server,Endpoint does not appear to host a local metadata service,Endpoint does not appear to host a local metadata service,2,GenuineIntel,Important,,Not relevant,Not relevant,DE/AVS,byde10023zaw,BYRSI70847830,No Service Pack found,"4,096",VMware-42 2c 02 b3 2e a8 e6 fc-6c f5 26 7b 6d 99 d3 ba,,Managed virtual OS SA2 DR1,"CAP_CT_Windows_PrivateCloud_Dev, bay_sca, VOPS_DEV_MANAGED_CI, VOPS_DEV_WINDOWS",Enterprise,Managed virtual OS SA2 DR1,10.33.100.244,"ApplicationID: BEAT04079742, RequestID: d744bdce3ba2b2d0001eda1c95e45a97,MappedApplicationID: BYRSI55345608, MappedApplicationName: VOPs Testing Workloads_Dev, RequestedFor: ELNCL, RequestedBy: Zaheer Laher, ApprovedBy: Michael Cook",BYDE10023ZAW.bayer.cnb,Private Cloud AVS,TRUE,9f91bd52b46a3a104863a32ec2aff637,Patch-WK1_NonProd_Batch-1_Thr,Instantiates::Instantiated by,BYDE10023ZAW,IT_INFRA_CLS_UNIFIED-L1_OPS,Development,Installed,On,07/03/2026 20:02,ServiceNow,IT_INFRA_CLS_UNIFIED-L1_OPS,IT_INFRA_CLS_UNIFIED-L1_OPS,IT_INFRA_CLS_UNIFIED-L1_OPS,Operational,Important,130,2,,,2,,"4,096",,,Enterprise,,vCenter@10.33.16.2,,Not VOPs enabled,47e3874a3b62be5052206a54c3e45a24
VOPs Testing Workloads_Test,IT_AO_VOPS_Testing_Squad_A,Test,Installed,Not VOPs enabled,BEAT04079742,IT_AO_VOPS_Testing_Squad_A,IT_AO_VOPS_Testing_Squad_A,IT_AO_VOPS_Testing_Squad_A,Non-Operational,Mapped Application Service,Supportive,Not relevant,Not relevant,DE,BYRSI55345609,Eike Friedrichs,Application Operations Bronze CapGemini,Application Operations Bronze CapGemini,Bronze,VOPS,62b9553f2bc836d4f3d0f71ec891bf3c,Depends on::Used by,xbyqa070mqhu,IT_INFRA_CLS_UNIFIED-L1_OPS,Installed,Not VOPs enabled,08/03/2026 05:35,SG-Azure,IT_INFRA_CLS_UNIFIED-L1_OPS,IT_INFRA_CLS_UNIFIED-L1_OPS,IT_INFRA_CLS_UNIFIED-L1_OPS,Test,Operational,Ubuntu 20.04.6 Lts,20.04,Microsoft Azure Virtual Machine,Classical Compute (Compute & Storage),Linux Server,213199ac-e262-4897-829c-a1c4770fdcf1,a76c4b70-fd35-4481-962a-e10b1e72da25,1,AuthenticAMD,Important,54,,,DE,xbyqa070mqhu,BYRSI70819337,,"3,909",0000-0002-3918-6184-4921-9605-99,,Managed virtual OS SA2 DR1,CAP_CG_CCP,Enterprise,Managed virtual OS SA2 DR1,10.56.32.43,VDD test workload,xbyqa070mqhu.bayer.cnb,Public Cloud,TRUE,8b650702b12abed0453db2eb292a0e5a,,Virtualized by::Virtualizes,XBYQA070MQHU,IT_INFRA_CLS_UNIFIED-L1_OPS,Test,Installed,On,08/03/2026 07:34,SG-Azure,IT_INFRA_CLS_UNIFIED-L1_OPS,IT_INFRA_CLS_UNIFIED-L1_OPS,IT_INFRA_CLS_UNIFIED-L1_OPS,Operational,Important,0,,,,2,,"4,096",,,Enterprise,213199ac-e262-4897-829c-a1c4770fdcf1,,/subscriptions/a76c4b70-fd35-4481-962a-e10b1e72da25/resourceGroups/rg-bapu-qa-az-a76c4b70fd35-workload/providers/Microsoft.Compute/virtualMachines/XBYQA070MQHU,Not VOPs enabled,cf650702482abed09eee380159e1af58
VOPs Testing Workloads_Prod,IT_AO_VOPS_Testing_Squad_A,Production,Installed,Not VOPs enabled,BEAT04079742,IT_AO_VOPS_Testing_Squad_A,IT_AO_VOPS_Testing_Squad_A,IT_AO_VOPS_Testing_Squad_A,Non-Operational,Mapped Application Service,Important,Not relevant,Not relevant,DE,BYRSI55345607,Eike Friedrichs,Application Operations Bronze CapGemini,Application Operations Bronze CapGemini,Bronze,VOPS,d1b9d13f2bc836d4f3d0f71ec891bf73,Depends on::Used by,xbyqa0703u2x,IT_INFRA_CLS_UNIFIED-L1_OPS,Installed,Not VOPs enabled,08/03/2026 05:35,SG-Azure,IT_AO_ITSM_SA20-ChangeManagement-TLSME_Approver,IT_INFRA_CLS_UNIFIED-L1_OPS,IT_INFRA_CLS_UNIFIED-L1_OPS,Production,Operational,Windows Server 2019 Standard,10.0.17763,Microsoft Azure Virtual Machine,Classical Compute (Compute & Storage),Windows Server,791569e0-7ba2-447e-ba73-0f9ae9427bf7,a76c4b70-fd35-4481-962a-e10b1e72da25,1,AuthenticAMD,Important,128,,,DE,xbyqa0703u2x,BYRSI70784578,No Service Pack found,"8,191",0000-0008-7249-9626-5968-0267-50,,Managed virtual OS SA2 DR1,"CAP_CT_Windows_PublicCloud_Dev, bay_sca, VOPS_DEV_MANAGED_CI, VOPS_DEV_WINDOWS",Enterprise,Managed virtual OS SA2 DR1,10.56.32.37,,xbyqa0703u2x.bayer.cnb,Public Cloud,TRUE,719bb9f1caeaf650ebddb5cc7deb41fe,,Virtualized by::Virtualizes,XBYQA0703U2X,IT_INFRA_CLS_UNIFIED-L1_OPS,Production,Installed,On,08/03/2026 07:34,SG-Azure,IT_INFRA_CLS_UNIFIED-L1_OPS,IT_INFRA_CLS_UNIFIED-L1_OPS,IT_INFRA_CLS_UNIFIED-L1_OPS,Operational,Important,0,,,,2,,"8,192",,,Enterprise,791569e0-7ba2-447e-ba73-0f9ae9427bf7,,/subscriptions/a76c4b70-fd35-4481-962a-e10b1e72da25/resourceGroups/rg-bapu-qa-az-a76c4b70fd35-workload/providers/Microsoft.Compute/virtualMachines/XBYQA0703U2X,Not VOPs enabled,f59bb9f185eaf650db41155de0ecb4fc
VOPs Testing Workloads - type 2-2_Test,IT_AO_VOPS_Testing_Squad_B,Test,Installed,Not VOPs enabled,BEAT04080128,IT_AO_VOPS_Testing_Squad_B,IT_AO_VOPS_Testing_Squad_B,IT_AO_VOPS_Testing_Squad_B,Non-Operational,Mapped Application Service,Supportive,Not relevant,Not relevant,DE,BYRSI55883128,Eike Friedrichs,Application Operations Bronze CapGemini,Application Operations Bronze CapGemini,Bronze,VOPS,460ab6feeba0ba1cedbff60cadc0cd19,Depends on::Used by,patchsandvmw02,IT_INFRA_CLS_UNIFIED-L1_OPS,Installed,Not VOPs enabled,08/03/2026 05:36,SG-Azure,IT_AO_ITSM_SA20-ChangeManagement-TLSME_Approver,IT_INFRA_CLS_UNIFIED-L1_OPS,IT_INFRA_CLS_UNIFIED-L1_OPS,Test,Operational,Windows Server 2022 Datacenter,10.0.20348,Microsoft Azure Virtual Machine,Classical Compute (Compute & Storage),Windows Server,e641b929-0b36-4edf-b713-dc0633b63425,12fa6898-224c-4ebf-baed-86171244b259,1,GenuineIntel,Important,256,,,DE,patchsandvmw02,BYRSI55481525,No Service Pack found,"8,192",0000-0016-5917-4608-8142-5241-27,,Managed virtual OS SA2 DR1,"smart_auto, smart_cloud, bay_sca, VOPS_DEV_MANAGED_CI",Enterprise,Managed virtual OS SA2 DR1,10.56.49.5,,patchsandvmw02.WORKGROUP,Public Cloud,TRUE,8700be1e2b187ad0c2c7fae3ce91bfef,,Virtualized by::Virtualizes,patchsandvmw02,IT_INFRA_CLS_UNIFIED-L1_OPS,Test,Installed,On,08/03/2026 07:31,SG-Azure,IT_INFRA_CLS_UNIFIED-L1_OPS,IT_INFRA_CLS_UNIFIED-L1_OPS,IT_INFRA_CLS_UNIFIED-L1_OPS,Operational,Important,16,,,,2,,"8,192",,,Enterprise,e641b929-0b36-4edf-b713-dc0633b63425,,/subscriptions/12fa6898-224c-4ebf-baed-86171244b259/resourceGroups/patching-sandbox-rg/providers/Microsoft.Compute/virtualMachines/patchsandvmw02,Not VOPs enabled,5977c09d9d79fe104049fbb7840caeb9
VOPs Testing Workloads - type 2-2_Dev,IT_AO_VOPS_Testing_Squad_B,Development,Installed,Not VOPs enabled,BEAT04080128,IT_AO_VOPS_Testing_Squad_B,IT_AO_VOPS_Testing_Squad_B,IT_AO_VOPS_Testing_Squad_B,Non-Operational,Mapped Application Service,Supportive,Not relevant,Not relevant,DE,BYRSI55883127,Eike Friedrichs,Application Operations Bronze CapGemini,Application Operations Bronze CapGemini,Bronze,VOPS,e50a76feeba0ba1cedbff60cadc0cd6b,Depends on::Used by,byqa070g7pi,IT_INFRA_CLS_UNIFIED-L1_OPS,Installed,Not VOPs enabled,08/03/2026 05:35,SG-Azure,IT_INFRA_CLS_UNIFIED-L1_OPS,IT_INFRA_CLS_UNIFIED-L1_OPS,IT_INFRA_CLS_UNIFIED-L1_OPS,Development,Operational,Red Hat Enterprise Linux Server release 6.10 (Santiago),6.1,Microsoft Azure Virtual Machine,Classical Compute (Compute & Storage),Linux Server,cce56081-fa5f-4bea-afa1-2decd935252d,a76c4b70-fd35-4481-962a-e10b1e72da25,1,AuthenticAMD,Important,64,,,DE,byqa070g7pi,BYRSI70850184,,"3,961",0000-0014-7643-1306-4771-6362-02,,Managed virtual OS SA2 DR1,CAP_CG_CCP,Enterprise,Managed virtual OS SA2 DR1,10.56.32.56,VDD test workload,byqa070g7pi.bayer.cnb,Public Cloud,TRUE,fcae80e290a6f690293af3841a5cf435,,Virtualized by::Virtualizes,BYQA070G7PI,IT_INFRA_CLS_UNIFIED-L1_OPS,Development,Installed,On,08/03/2026 07:34,SG-Azure,IT_INFRA_CLS_UNIFIED-L1_OPS,IT_INFRA_CLS_UNIFIED-L1_OPS,IT_INFRA_CLS_UNIFIED-L1_OPS,Operational,Important,0,,,,2,,"4,096",,,Enterprise,cce56081-fa5f-4bea-afa1-2decd935252d,,/subscriptions/a76c4b70-fd35-4481-962a-e10b1e72da25/resourceGroups/rg-bapu-qa-az-a76c4b70fd35-workload/providers/Microsoft.Compute/virtualMachines/BYQA070G7PI,Not VOPs enabled,34ae80e29da6f6904ede06ff2183ed34
VOPs Testing Workloads - type 2-2_Dev,IT_AO_VOPS_Testing_Squad_B,Development,Installed,Not VOPs enabled,BEAT04080128,IT_AO_VOPS_Testing_Squad_B,IT_AO_VOPS_Testing_Squad_B,IT_AO_VOPS_Testing_Squad_B,Non-Operational,Mapped Application Service,Supportive,Not relevant,Not relevant,DE,BYRSI55883127,Eike Friedrichs,Application Operations Bronze CapGemini,Application Operations Bronze CapGemini,Bronze,VOPS,e50a76feeba0ba1cedbff60cadc0cd6b,Depends on::Used by,patchsandvmw01,IT_INFRA_CLS_UNIFIED-L1_OPS,Installed,Not VOPs enabled,08/03/2026 05:36,SG-Azure,IT_AO_ITSM_SA20-ChangeManagement-TLSME_Approver,IT_INFRA_CLS_UNIFIED-L1_OPS,IT_INFRA_CLS_UNIFIED-L1_OPS,Development,Operational,Windows Server 2025 Datacenter,10.0.26100,Microsoft Azure Virtual Machine,Classical Compute (Compute & Storage),Windows Server,5bd750c5-7002-417e-9f94-7495bf68882f,12fa6898-224c-4ebf-baed-86171244b259,1,GenuineIntel,Important,256,,,DE,patchsandvmw01,BYRSI55481640,No Service Pack found,"8,192",0000-0006-6178-4698-6362-2086-38,,Managed virtual OS SA2 DR1,"smart_auto, smart_cloud, bay_sca, VOPS_DEV_MANAGED_CI",Enterprise,Managed virtual OS SA2 DR1,10.56.49.4,,patchsandvmw01.WORKGROUP,Public Cloud,TRUE,92103a5e2b187ad0c2c7fae3ce91bfc8,,Virtualized by::Virtualizes,patchsandvmw01,IT_INFRA_CLS_UNIFIED-L1_OPS,Development,Installed,On,08/03/2026 07:31,SG-Azure,IT_INFRA_CLS_UNIFIED-L1_OPS,IT_INFRA_CLS_UNIFIED-L1_OPS,IT_INFRA_CLS_UNIFIED-L1_OPS,Operational,Important,16,,,,2,,"8,192",,,Enterprise,5bd750c5-7002-417e-9f94-7495bf68882f,,/subscriptions/12fa6898-224c-4ebf-baed-86171244b259/resourceGroups/patching-sandbox-rg/providers/Microsoft.Compute/virtualMachines/patchsandvmw01,Not VOPs enabled,f477409d8979fe10aa82cea08efb75cc
VOPs Testing Workloads - type 2-2_Prod,IT_AO_VOPS_Testing_Squad_B,Production,Installed,Not VOPs enabled,BEAT04080128,IT_AO_VOPS_Testing_Squad_B,IT_AO_VOPS_Testing_Squad_B,IT_AO_VOPS_Testing_Squad_B,Non-Operational,Mapped Application Service,Important,Not relevant,Not relevant,DE,BYRSI55883126,Eike Friedrichs,Application Operations Bronze CapGemini,Application Operations Bronze CapGemini,Bronze,VOPS,fc0a36feeba0ba1cedbff60cadc0cddb,Depends on::Used by,byqa070fie9,IT_INFRA_CLS_UNIFIED-L1_OPS,Installed,Not VOPs enabled,08/03/2026 05:35,SG-Azure,IT_AO_ITSM_SA20-ChangeManagement-TLSME_Approver,IT_INFRA_CLS_UNIFIED-L1_OPS,IT_INFRA_CLS_UNIFIED-L1_OPS,Production,Operational,Suse Linux Enterprise Server 15 Sp6,15.6,Microsoft Azure Virtual Machine,Classical Compute (Compute & Storage),Linux Server,0cea97e1-82bf-4a6b-8911-8ba5a560b330,a76c4b70-fd35-4481-962a-e10b1e72da25,1,AuthenticAMD,Important,30,Not relevant,Not relevant,DE,byqa070fie9,BYRSI70850172,,"3,624",0000-0000-9307-2326-7822-4390-19,,Managed virtual OS SA2 DR1,"CAP_CT_Linux_PublicCloud_Dev, VOPS_DEV_MANAGED_CI, VOPS_DEV_LIN_02, VOPS_DEV_LIN_ImageOS_SLES_15.6_SAP, VOPS_DEV_LIN_ImageOS_SLES_15:, VOPS_DEV_LINUX, VOPS_DEV_LIN_RepoScan_Ring0, VOPS_DEV_LIN_Month-02",Enterprise,Managed virtual OS SA2 DR1,10.56.32.57,,byqa070fie9.bayer.cnb,Public Cloud,TRUE,639e4ca268a6f6906cb88c8d0ae7b1f0,,Virtualized by::Virtualizes,BYQA070FIE9,IT_INFRA_CLS_UNIFIED-L1_OPS,Production,Installed,On,08/03/2026 07:34,SG-Azure,IT_INFRA_CLS_UNIFIED-L1_OPS,IT_INFRA_CLS_UNIFIED-L1_OPS,IT_INFRA_CLS_UNIFIED-L1_OPS,Operational,Important,0,,Not relevant,Not relevant,2,,"4,096",,,Enterprise,0cea97e1-82bf-4a6b-8911-8ba5a560b330,,/subscriptions/a76c4b70-fd35-4481-962a-e10b1e72da25/resourceGroups/rg-bapu-qa-az-a76c4b70fd35-workload/providers/Microsoft.Compute/virtualMachines/BYQA070FIE9,Not VOPs enabled,a79e4ca2f4a6f6903bd55e51a11034ee
VOPs Testing Workloads - type 2-1_Dev,IT_AO_VOPS_Testing_Squad_B,Development,Installed,Not VOPs enabled,BEAT04080422,IT_AO_VOPS_Testing_Squad_B,IT_AO_VOPS_Testing_Squad_B,IT_AO_VOPS_Testing_Squad_B,Non-Operational,Mapped Application Service,Supportive,Not relevant,Not relevant,DE,BYRSI56290521,Eike Friedrichs,Application Operations Bronze CapGemini,Application Operations Bronze CapGemini,Bronze,VOPS,61b1a15f2bb03a14c2c7fae3ce91bf99,Depends on::Used by,byqa0702b7z,IT_INFRA_CLS_UNIFIED-L1_OPS,Installed,Not VOPs enabled,08/03/2026 05:35,SG-Azure,IT_AO_ITSM_SA20-ChangeManagement-TLSME_Approver,IT_INFRA_CLS_UNIFIED-L1_OPS,IT_INFRA_CLS_UNIFIED-L1_OPS,Development,Operational,Oracle Linux Server Release 9.5,9.5,Microsoft Azure Virtual Machine,Classical Compute (Compute & Storage),Linux Server,8a8c77a2-af7f-45ef-b8aa-2228a38fd92b,a76c4b70-fd35-4481-962a-e10b1e72da25,1,AuthenticAMD,Important,64,,,DE,byqa0702b7z,BYRSI71616445,,"3,459",0000-0009-9834-8601-4586-3080-79,,Managed virtual OS SA2 DR1,"CAP_CG_CCP, CAP_CT_Linux_PublicCloud_Dev, VOPS_DEV_MANAGED_CI, VOPS_DEV_MANAGED_CI_LIN",Enterprise,Managed virtual OS SA2 DR1,10.56.32.53,,byqa0702b7z.local,Public Cloud,TRUE,b48b9c23f10b76501bac8b78900367da,,Virtualized by::Virtualizes,BYQA0702B7Z,IT_INFRA_CLS_UNIFIED-L1_OPS,Development,Installed,On,08/03/2026 07:34,SG-Azure,IT_INFRA_CLS_UNIFIED-L1_OPS,IT_INFRA_CLS_UNIFIED-L1_OPS,IT_INFRA_CLS_UNIFIED-L1_OPS,Operational,Important,0,,,,2,,"4,096",,,Enterprise,8a8c77a2-af7f-45ef-b8aa-2228a38fd92b,,/subscriptions/a76c4b70-fd35-4481-962a-e10b1e72da25/resourceGroups/rg-bapu-qa-az-a76c4b70fd35-workload/providers/Microsoft.Compute/virtualMachines/BYQA0702B7Z,Not VOPs enabled,f88b9c23110b765046072b96dc3761d8
VOPs Testing Workloads - type 2-1_Dev,IT_AO_VOPS_Testing_Squad_B,Development,Installed,Not VOPs enabled,BEAT04080422,IT_AO_VOPS_Testing_Squad_B,IT_AO_VOPS_Testing_Squad_B,IT_AO_VOPS_Testing_Squad_B,Non-Operational,Mapped Application Service,Supportive,Not relevant,Not relevant,DE,BYRSI56290521,Eike Friedrichs,Application Operations Bronze CapGemini,Application Operations Bronze CapGemini,Bronze,VOPS,61b1a15f2bb03a14c2c7fae3ce91bf99,Depends on::Used by,patchsandvml02,IT_INFRA_CLS_UNIFIED-L1_OPS,Installed,Not VOPs enabled,08/03/2026 05:36,SG-Azure,IT_AO_ITSM_SA20-ChangeManagement-TLSME_Approver,IT_INFRA_CLS_UNIFIED-L1_OPS,IT_INFRA_CLS_UNIFIED-L1_OPS,Development,Operational,Red Hat Enterprise Linux Release 9.6 (plow),9.6,Microsoft Azure Virtual Machine,Classical Compute (Compute & Storage),Linux Server,d66bb476-ef18-4550-a931-56c82da2fd42,12fa6898-224c-4ebf-baed-86171244b259,1,GenuineIntel,Important,256,,,DE,patchsandvml02,BYRSI55309032,,"7,682",0000-0015-4506-4136-9535-1043-36,,Managed virtual OS SA2 DR1,"smart_cloud, bay_sca, BAY_CTH_CDN_Testing_Cloud, VOPS_DEV_LIN_02, VOPS_DEV_LIN_ImageOS_RHEL_9.6_standard, VOPS_DEV_LIN_ImageOS_RHEL_9:, VOPS_DEV_LINUX, VOPS_DEV_LIN_RepoScan_Ring0",Enterprise,Managed virtual OS SA2 DR1,10.56.49.10,,patchsandvml02.hia4owxq22juhjcfauylbhhp1h.frax.internal.cloudapp.net,Public Cloud,TRUE,433699313b8cb294146241dc73e45aa1,,Virtualized by::Virtualizes,patchsandvml02,IT_INFRA_CLS_UNIFIED-L1_OPS,Development,Installed,On,08/03/2026 07:31,SG-Azure,IT_INFRA_CLS_UNIFIED-L1_OPS,IT_INFRA_CLS_UNIFIED-L1_OPS,IT_INFRA_CLS_UNIFIED-L1_OPS,Operational,Important,16,,,,2,,"8,192",,,Enterprise,d66bb476-ef18-4550-a931-56c82da2fd42,,/subscriptions/12fa6898-224c-4ebf-baed-86171244b259/resourceGroups/patching-sandbox-rg/providers/Microsoft.Compute/virtualMachines/patchsandvml02,Not VOPs enabled,5367c85d3179fe107813ac1736f53dc5
VOPs Testing Workloads - type 2-1_Prod,IT_AO_VOPS_Testing_Squad_B,Production,Installed,Not VOPs enabled,BEAT04080422,IT_AO_VOPS_Testing_Squad_B,IT_AO_VOPS_Testing_Squad_B,IT_AO_VOPS_Testing_Squad_B,Non-Operational,Mapped Application Service,Important,Not relevant,Not relevant,DE,BYRSI56290509,Eike Friedrichs,Application Operations Bronze CapGemini,Application Operations Bronze CapGemini,Bronze,VOPS,60b1615f2bb03a14c2c7fae3ce91bf22,Depends on::Used by,byde941uik5,IT_INFRA_CLS_UNIFIED-L1_OPS,Installed,Not VOPs enabled,06/03/2026 07:45,SG-TaniumSN,IT_AO_ITSM_SA20-ChangeManagement-TLSME_Approver,IT_INFRA_CLS_UNIFIED-L1_OPS,IT_INFRA_CLS_UNIFIED-L1_OPS,Production,Operational,Windows Server 2016 Standard,10.0.14393,VMware VMware Virtual Platform,Classical Compute (Compute & Storage),Windows Server,Endpoint does not appear to host a local metadata service,Endpoint does not appear to host a local metadata service,2,GenuineIntel,Important,,,,DE/AVS,byde941uik5,BYRSI71765409,No Service Pack found,"8,192",VMware-42 2c 37 75 21 64 17 1f-f5 63 d8 3e b6 71 dc 0f,,Managed virtual OS SA2 DR1,"CAP_CG_CCP, CAP_CT_Windows_PrivateCloud_Dev",Enterprise,Managed virtual OS SA2 DR1,10.30.87.33,,byde941uik5.bayer.cnb,Private Cloud AVS,TRUE,2dfcb0515d9fba94306ee4c7104524fd,,Instantiates::Instantiated by,BYDE941UIK5,IT_INFRA_CLS_UNIFIED-L1_OPS,Production,Delete,On,08/03/2026 03:41,MSP_CMDB_ImportSet,SDC20_TL_SME_Change_Approvers,IT_INFRA_CLS_UNIFIED-L1_OPS,IT_INFRA_CLS_WINDOWS_OPS,Operational,Important,110,2,,,2,,"8,192",,,Enterprise,,vCenter@10.33.16.2,,Not VOPs enabled,a5905b8f3b033ad0298c4e2eb3e45a07
VOPs Testing Workloads - type 2-1_Test,IT_AO_VOPS_Testing_Squad_B,Test,Installed,Not VOPs enabled,BEAT04080422,IT_AO_VOPS_Testing_Squad_B,IT_AO_VOPS_Testing_Squad_B,IT_AO_VOPS_Testing_Squad_B,Non-Operational,Mapped Application Service,Supportive,Not relevant,Not relevant,DE,BYRSI56290527,Eike Friedrichs,Application Operations Bronze CapGemini,Application Operations Bronze CapGemini,Bronze,VOPS,cab1e15f2bb03a14c2c7fae3ce91bfcb,Depends on::Used by,byde941yxk6,IT_INFRA_CLS_UNIFIED-L1_OPS,Installed,Not VOPs enabled,06/03/2026 07:45,SG-TaniumSN,IT_AO_ITSM_SA20-ChangeManagement-TLSME_Approver,IT_INFRA_CLS_UNIFIED-L1_OPS,IT_INFRA_CLS_UNIFIED-L1_OPS,Test,Operational,Windows Server 2016 Datacenter,10.0.14393,VMware VMware Virtual Platform,Classical Compute (Compute & Storage),Windows Server,Endpoint does not appear to host a local metadata service,Endpoint does not appear to host a local metadata service,2,GenuineIntel,Important,,,,DE/AVS,byde941yxk6,BYRSI71765403,No Service Pack found,"8,192",VMware-42 2c 0c 2c fa 46 d1 ce-e0 30 4d 29 2e 9b b6 3c,,Managed virtual OS SA2 DR1,"CAP_CG_CCP, CAP_CT_Windows_PrivateCloud_Dev",Enterprise,Managed virtual OS SA2 DR1,10.30.87.56,,byde941yxk6.bayer.cnb,Private Cloud AVS,TRUE,50fcb8dd945fba946008666cf6ca90e2,,Instantiates::Instantiated by,BYDE941YXK6,IT_INFRA_CLS_UNIFIED-L1_OPS,Test,Installed,On,08/03/2026 03:41,MSP_CMDB_ImportSet,SDC20_TL_SME_Change_Approvers,IT_INFRA_CLS_UNIFIED-L1_OPS,IT_INFRA_CLS_WINDOWS_OPS,Operational,Important,110,2,,,2,,"8,192",,,Enterprise,,vCenter@10.33.16.2,,Not VOPs enabled,15901b8f3b033ad0298c4e2eb3e45a5b
